codigo,url,tipo,cod
HAPV3, https://www.google.com/finance/quote/HAPV3:BVMF, bdr,2
B3SA3, https://www.google.com/finance/quote/B3SA3:BVMF, bdr,2
CVCB3, https://www.google.com/finance/quote/CVCB3:BVMF, bdr,2
ABEV3, https://www.google.com/finance/quote/ABEV3:BVMFX, bdr,2
MGLU3, https://www.google.com/finance/quote/MGLU3:BVMF, bdr,2
ASAI3, https://www.google.com/finance/quote/ASAI3:BVMF, bdr,2
COGN3, https://www.google.com/finance/quote/COGN3:BVMF, bdr,2
PETR4, https://www.google.com/finance/quote/PETR4:BVMF, bdr,2
MRFG3, https://www.google.com/finance/quote/MRFG3:BVMF, bdr,2
ITSA4, https://www.google.com/finance/quote/ITSA4:BVMF, bdr,2
BRAV3, https://www.google.com/finance/quote/BRAV3:BVMF, bdr,2
AZUL4, https://www.google.com/finance/quote/AZUL4:BVMF, bdr,2
VALE3, https://www.google.com/finance/quote/VALE3:BVMF, bdr,2
CRFB3, https://www.google.com/finance/quote/CRFB3:BVMF, bdr,2
CCRO3, https://www.google.com/finance/quote/CCRO3:BVMF, bdr,2
ONCO3, https://www.google.com/finance/quote/ONCO3:BVMF, bdr,2
CSAN3, https://www.google.com/finance/quote/CSAN3:BVMF, bdr,2
ITUB4, https://www.google.com/finance/quote/ITUB4:BVMF, bdr,2
BEEF3, https://www.google.com/finance/quote/BEEF3:BVMF, bdr,2
ANIM3, https://www.google.com/finance/quote/ANIM3:BVMF, bdr,2
RAIZ4, https://www.google.com/finance/quote/RAIZ4:BVMF, bdr,2
PCAR3, https://www.google.com/finance/quote/PCAR3:BVMF, bdr,2
VAMO3, https://www.google.com/finance/quote/VAMO3:BVMF, bdr,2
USIM5, https://www.google.com/finance/quote/USIM5:BVMF, bdr,2
BBAS3, https://www.google.com/finance/quote/BBAS3:BVMF, bdr,2
CMIG4, https://www.google.com/finance/quote/CMIG4:BVMF, bdr,2
CSNA3, https://www.google.com/finance/quote/CSNA3:BVMF, bdr,2
BBDC3, https://www.google.com/finance/quote/BBDC3:BVMF, bdr,2
PETR3, https://www.google.com/finance/quote/PETR3:BVMF, bdr,2
LREN3, https://www.google.com/finance/quote/LREN3:BVMF, bdr,2
POMO4, https://www.google.com/finance/quote/POMO4:BVMF, bdr,2
VBBR3, https://www.google.com/finance/quote/VBBR3:BVMF, bdr,2
MRVE3, https://www.google.com/finance/quote/MRVE3:BVMF, bdr,2
PETZ3, https://www.google.com/finance/quote/PETZ3:BVMF, bdr,2
MOVI3, https://www.google.com/finance/quote/MOVI3:BVMF, bdr,2
CMIN3, https://www.google.com/finance/quote/CMIN3:BVMF, bdr,2
GOAU4, https://www.google.com/finance/quote/GOAU4:BVMF, bdr,2
NTCO3, https://www.google.com/finance/quote/NTCO3:BVMF, bdr,2
RAIL3, https://www.google.com/finance/quote/RAIL3:BVMF, bdr,2
ELET3, https://www.google.com/finance/quote/ELET3:BVMF, bdr,2
CPLE3, https://www.google.com/finance/quote/CPLE3:BVMF, bdr,2
GGBR4, https://www.google.com/finance/quote/GGBR4:BVMF, bdr,2
BRFS3, https://www.google.com/finance/quote/BRFS3:BVMF, bdr,2
RADL3, https://www.google.com/finance/quote/RADL3:BVMF, bdr,2
ENEV3, https://www.google.com/finance/quote/ENEV3:BVMF, bdr,2
JBSS3, https://www.google.com/finance/quote/JBSS3:BVMF, bdr,2
UGPA3, https://www.google.com/finance/quote/UGPA3:BVMF, bdr,2
GMAT3, https://www.google.com/finance/quote/GMAT3:BVMF, bdr,2
BPAC11, https://www.google.com/finance/quote/BPAC11:BVMF, bdr,2
RENT3, https://www.google.com/finance/quote/RENT3:BVMF, bdr,2
DXCO3, https://www.google.com/finance/quote/DXCO3:BVMF, bdr,2
CEAB3, https://www.google.com/finance/quote/CEAB3:BVMF, bdr,2
AMER3, https://www.google.com/finance/quote/AMER3:BVMF, bdr,2
YDUQ3, https://www.google.com/finance/quote/YDUQ3:BVMF, bdr,2
PRIO3, https://www.google.com/finance/quote/PRIO3:BVMF, bdr,2
LWSA3, https://www.google.com/finance/quote/LWSA3:BVMF, bdr,2
CYRE3, https://www.google.com/finance/quote/CYRE3:BVMF, bdr,2
SUZB3, https://www.google.com/finance/quote/SUZB3:BVMF, bdr,2
CBAV3, https://www.google.com/finance/quote/CBAV3:BVMF, bdr,2
IFCM3, https://www.google.com/finance/quote/IFCM3:BVMF, bdr,2
LJQQ3, https://www.google.com/finance/quote/LJQQ3:BVMF, bdr,2
RDOR3, https://www.google.com/finance/quote/RDOR3:BVMF, bdr,2
TIMS3, https://www.google.com/finance/quote/TIMS3:BVMF, bdr,2
AURE3, https://www.google.com/finance/quote/AURE3:BVMF, bdr,2
EMBR3, https://www.google.com/finance/quote/EMBR3:BVMF, bdr,2
KLBN11, https://www.google.com/finance/quote/KLBN11:BVMF, bdr,2
QUAL3, https://www.google.com/finance/quote/QUAL3:BVMF, bdr,2
HYPE3, https://www.google.com/finance/quote/HYPE3:BVMF, bdr,2
SBFG3, https://www.google.com/finance/quote/SBFG3:BVMF, bdr,2
WEGE3, https://www.google.com/finance/quote/WEGE3:BVMF, bdr,2
SIMH3, https://www.google.com/finance/quote/SIMH3:BVMF, bdr,2
RCSL3, https://www.google.com/finance/quote/RCSL3:BVMF, bdr,2
MULT3, https://www.google.com/finance/quote/MULT3:BVMF, bdr,2
ECOR3, https://www.google.com/finance/quote/ECOR3:BVMF, bdr,2
TOTS3, https://www.google.com/finance/quote/TOTS3:BVMF, bdr,2
STBP3, https://www.google.com/finance/quote/STBP3:BVMF, bdr,2
ISAE4, https://www.google.com/finance/quote/ISAE4:BVMF, bdr,2
GFSA3, https://www.google.com/finance/quote/GFSA3:BVMF, bdr,2
VVEO3, https://www.google.com/finance/quote/VVEO3:BVMF, bdr,2
ALOS3, https://www.google.com/finance/quote/ALOS3:BVMF, bdr,2
AZEV4, https://www.google.com/finance/quote/AZEV4:BVMF, bdr,2
SBSP3, https://www.google.com/finance/quote/SBSP3:BVMF, bdr,2
PSSA3, https://www.google.com/finance/quote/PSSA3:BVMF, bdr,2
HBSA3, https://www.google.com/finance/quote/HBSA3:BVMF, bdr,2
FLRY3, https://www.google.com/finance/quote/FLRY3:BVMF, bdr,2
GOLL4, https://www.google.com/finance/quote/GOLL4:BVMF, bdr,2
BRAP4, https://www.google.com/finance/quote/BRAP4:BVMF, bdr,2
ALPA4, https://www.google.com/finance/quote/ALPA4:BVMF, bdr,2
RECV3, https://www.google.com/finance/quote/RECV3:BVMF, bdr,2
VIVA3, https://www.google.com/finance/quote/VIVA3:BVMF, bdr,2
SLCE3, https://www.google.com/finance/quote/SLCE3:BVMF, bdr,2
IGTI11, https://www.google.com/finance/quote/IGTI11:BVMF, bdr,2
EZTC3, https://www.google.com/finance/quote/EZTC3:BVMF, bdr,2
TUPY3, https://www.google.com/finance/quote/TUPY3:BVMF, bdr,2
ELET6, https://www.google.com/finance/quote/ELET6:BVMF, bdr,2
BHIA3, https://www.google.com/finance/quote/BHIA3:BVMF, bdr,2
IRBR3, https://www.google.com/finance/quote/IRBR3:BVMF, bdr,2
TEND3, https://www.google.com/finance/quote/TEND3:BVMF, bdr,2
TAEE11, https://www.google.com/finance/quote/TAEE11:BVMF, bdr,2
ALUP11, https://www.google.com/finance/quote/ALUP11:BVMF, bdr,2
VIVT3, https://www.google.com/finance/quote/VIVT3:BVMF, bdr,2
AZZA3, https://www.google.com/finance/quote/AZZA3:BVMF, bdr,2
INTB3, https://www.google.com/finance/quote/INTB3:BVMF, bdr,2
ENGI11, https://www.google.com/finance/quote/ENGI11:BVMF, bdr,2
CURY3, https://www.google.com/finance/quote/CURY3:BVMF, bdr,2
SMFT3, https://www.google.com/finance/quote/SMFT3:BVMF, bdr,2
EGIE3, https://www.google.com/finance/quote/EGIE3:BVMF, bdr,2
GRND3, https://www.google.com/finance/quote/GRND3:BVMF, bdr,2
SMTO3, https://www.google.com/finance/quote/SMTO3:BVMF, bdr,2
SRNA3, https://www.google.com/finance/quote/SRNA3:BVMF, bdr,2
CPFE3, https://www.google.com/finance/quote/CPFE3:BVMF, bdr,2
CASH3, https://www.google.com/finance/quote/CASH3:BVMF, bdr,2
BPAN4, https://www.google.com/finance/quote/BPAN4:BVMF, bdr,2
GGPS3, https://www.google.com/finance/quote/GGPS3:BVMF, bdr,2
CSMG3, https://www.google.com/finance/quote/CSMG3:BVMF, bdr,2
ARML3, https://www.google.com/finance/quote/ARML3:BVMF, bdr,2
MDIA3, https://www.google.com/finance/quote/MDIA3:BVMF, bdr,2
ABCB4, https://www.google.com/finance/quote/ABCB4:BVMF, bdr,2
RAPT4, https://www.google.com/finance/quote/RAPT4:BVMF, bdr,2
SAPR4, https://www.google.com/finance/quote/SAPR4:BVMF, bdr,2
DASA3, https://www.google.com/finance/quote/DASA3:BVMF, bdr,2
CAML3, https://www.google.com/finance/quote/CAML3:BVMF, bdr,2
PLPL3, https://www.google.com/finance/quote/PLPL3:BVMF, bdr,2
OIBR3, https://www.google.com/finance/quote/OIBR3:BVMF, bdr,2
ODPV3, https://www.google.com/finance/quote/MMMC34:BVMF, bdr,2
KLBN4, https://www.google.com/finance/quote/KLBN4:BVMF, bdr,2
SAPR11, https://www.google.com/finance/quote/SAPR11:BVMF, bdr,2
AERI3, https://www.google.com/finance/quote/AERI3:BVMF, bdr,2
TTEN3, https://www.google.com/finance/quote/TTEN3:BVMF, bdr,2
ENJU3, https://www.google.com/finance/quote/ENJU3:BVMF, bdr,2
NEOE3, https://www.google.com/finance/quote/NEOE3:BVMF, bdr,2
PDGR3, https://www.google.com/finance/quote/PDGR3:BVMF, bdr,2
VITT3, https://www.google.com/finance/quote/VITT3:BVMF, bdr,2
KEPL3, https://www.google.com/finance/quote/KEPL3:BVMF, bdr,2
LOGG3, https://www.google.com/finance/quote/LOGG3:BVMF, bdr,2
VULC3, https://www.google.com/finance/quote/VULC3:BVMF, bdr,2
BLAU3, https://www.google.com/finance/quote/BLAU3:BVMF, bdr,2
RANI3, https://www.google.com/finance/quote/RANI3:BVMF, bdr,2
MDNE3, https://www.google.com/finance/quote/MDNE3:BVMF, bdr,2
BRSR6, https://www.google.com/finance/quote/BRSR6:BVMF, bdr,2
LAVV3, https://www.google.com/finance/quote/LAVV3:BVMF, bdr,2
MTRE3, https://www.google.com/finance/quote/MTRE3:BVMF, bdr,2
JALL3, https://www.google.com/finance/quote/JALL3:BVMF, bdr,2
POSI3, https://www.google.com/finance/quote/POSI3:BVMF, bdr,2
MILS3, https://www.google.com/finance/quote/MILS3:BVMF, bdr,2
WIZC3, https://www.google.com/finance/quote/WIZC3:BVMF, bdr,2
SYNE3, https://www.google.com/finance/quote/SYNE3:BVMF, bdr,2
MYPK3, https://www.google.com/finance/quote/MYPK3:BVMF, bdr,2
VLID3, https://www.google.com/finance/quote/VLID3:BVMF, bdr,2
PFRM3, https://www.google.com/finance/quote/PFRM3:BVMF, bdr,2
AGXY3, https://www.google.com/finance/quote/AGXY3:BVMF, bdr,2
SOJA3, https://www.google.com/finance/quote/SOJA3:BVMF, bdr,2
TRIS3, https://www.google.com/finance/quote/TRIS3:BVMF, bdr,2
HBRE3, https://www.google.com/finance/quote/HBRE3:BVMF, bdr,2
TASA4, https://www.google.com/finance/quote/TASA4:BVMF, bdr,2
LIGT3, https://www.google.com/finance/quote/LIGT3:BVMF, bdr,2
VSTE3, https://www.google.com/finance/quote/VSTE3:BVMF, bdr,2
PTBL3, https://www.google.com/finance/quote/PTBL3:BVMF, bdr,2
BMOB3, https://www.google.com/finance/quote/BMOB3:BVMF, bdr,2
JSLG3, https://www.google.com/finance/quote/JSLG3:BVMF, bdr,2
AGRO3, https://www.google.com/finance/quote/AGRO3:BVMF, bdr,2
TFCO4, https://www.google.com/finance/quote/TFCO4:BVMF, bdr,2
POMO3, https://www.google.com/finance/quote/POMO3:BVMF, bdr,2
ITUB3, https://www.google.com/finance/quote/ITUB3:BVMF, bdr,2
TGMA3, https://www.google.com/finance/quote/TGMA3:BVMF, bdr,2
SEER3, https://www.google.com/finance/quote/SEER3:BVMF, bdr,2
MELK3, https://www.google.com/finance/quote/MELK3:BVMF, bdr,2
LEVE3, https://www.google.com/finance/quote/LEVE3:BVMF, bdr,2
BMGB4, https://www.google.com/finance/quote/BMGB4:BVMF, bdr,2
SHUL4, https://www.google.com/finance/quote/SHUL4:BVMF, bdr,2
KLBN3, https://www.google.com/finance/quote/KLBN3:BVMF, bdr,2
ORVR3, https://www.google.com/finance/quote/ORVR3:BVMF, bdr,2
FIQE3, https://www.google.com/finance/quote/FIQE3:BVMF, bdr,2
USIM3, https://www.google.com/finance/quote/USIM3:BVMF, bdr,2
MBLY3, https://www.google.com/finance/quote/MBLY3:BVMF, bdr,2
CMIG3, https://www.google.com/finance/quote/CMIG3:BVMF, bdr,2
ALPK3, https://www.google.com/finance/quote/ALPK3:BVMF, bdr,2
PNVL3, https://www.google.com/finance/quote/PNVL3:BVMF, bdr,2
TAEE4, https://www.google.com/finance/quote/TAEE4:BVMF, bdr,2
SAPR3, https://www.google.com/finance/quote/SAPR3:BVMF, bdr,2
ROMI3, https://www.google.com/finance/quote/ROMI3:BVMF, bdr,2
CSED3, https://www.google.com/finance/quote/CSED3:BVMF, bdr,2
PMAM3, https://www.google.com/finance/quote/PMAM3:BVMF, bdr,2
FRAS3, https://www.google.com/finance/quote/FRAS3:BVMF, bdr,2
MEAL3, https://www.google.com/finance/quote/MEAL3:BVMF, bdr,2
RNEW4, https://www.google.com/finance/quote/RNEW4:BVMF, bdr,2
AMBP3, https://www.google.com/finance/quote/AMBP3:BVMF, bdr,2
ESPA3, https://www.google.com/finance/quote/ESPA3:BVMF, bdr,2
ITSA3, https://www.google.com/finance/quote/ITSA3:BVMF, bdr,2
SANB3, https://www.google.com/finance/quote/SANB3:BVMF, bdr,2
ELMD3, https://www.google.com/finance/quote/ELMD3:BVMF, bdr,2
DESK3, https://www.google.com/finance/quote/DESK3:BVMF, bdr,2
UNIP6, https://www.google.com/finance/quote/UNIP6:BVMF, bdr,2
AMAR3, https://www.google.com/finance/quote/AMAR3:BVMF, bdr,2
LUPA3, https://www.google.com/finance/quote/LUPA3:BVMF, bdr,2
ETER3, https://www.google.com/finance/quote/ETER3:BVMF, bdr,2
DMVF3, https://www.google.com/finance/quote/DMVF3:BVMF, bdr,2
BRAP3, https://www.google.com/finance/quote/BRAP3:BVMF, bdr,2
TPIS3, https://www.google.com/finance/quote/TPIS3:BVMF, bdr,2
TCSA3, https://www.google.com/finance/quote/TCSA3:BVMF, bdr,2
RNEW3, https://www.google.com/finance/quote/RNEW3:BVMF, bdr,2
GOAU3, https://www.google.com/finance/quote/GOAU3:BVMF, bdr,2
SCAR3, https://www.google.com/finance/quote/SCAR3:BVMF, bdr,2
BRKM3, https://www.google.com/finance/quote/BRKM3:BVMF, bdr,2
VTRU3, https://www.google.com/finance/quote/VTRU3:BVMF, bdr,2
SHOW3, https://www.google.com/finance/quote/SHOW3:BVMF, bdr,2
EUCA4, https://www.google.com/finance/quote/EUCA4:BVMF, bdr,2
RSID3, https://www.google.com/finance/quote/RSID3:BVMF, bdr,2
TECN3, https://www.google.com/finance/quote/TECN3:BVMF, bdr,2
CSUD3, https://www.google.com/finance/quote/CSUD3:BVMF, bdr,2
FHER3, https://www.google.com/finance/quote/FHER3:BVMF, bdr,2
BOBR4, https://www.google.com/finance/quote/BOBR4:BVMF, bdr,2
VIVR3, https://www.google.com/finance/quote/VIVR3:BVMF, bdr,2
INEP3, https://www.google.com/finance/quote/INEP3:BVMF, bdr,2
LVTC3, https://www.google.com/finance/quote/LVTC3:BVMF, bdr,2
CGRA3, https://www.google.com/finance/quote/CGRA3:BVMF, bdr,2
GGBR3, https://www.google.com/finance/quote/GGBR3:BVMF, bdr,2
IGTI3, https://www.google.com/finance/quote/IGTI3:BVMF, bdr,2
JFEN3, https://www.google.com/finance/quote/JFEN3:BVMF, bdr,2
EALT4, https://www.google.com/finance/quote/EALT4:BVMF, bdr,2
LAND3, https://www.google.com/finance/quote/LAND3:BVMF, bdr,2
PTNT4, https://www.google.com/finance/quote/PTNT4:BVMF, bdr,2
DOTZ3, https://www.google.com/finance/quote/DOTZ3:BVMF, bdr,2
BEES3, https://www.google.com/finance/quote/BEES3:BVMF, bdr,2
ENGI4, https://www.google.com/finance/quote/ENGI4:BVMF, bdr,2
INEP4, https://www.google.com/finance/quote/INEP4:BVMF, bdr,2
NGRD3, https://www.google.com/finance/quote/NGRD3:BVMF, bdr,2
WEST3, https://www.google.com/finance/quote/WEST3:BVMF, bdr,2
EPAR3, https://www.google.com/finance/quote/EPAR3:BVMF, bdr,2
MNDL3, https://www.google.com/finance/quote/MNDL3:BVMF, bdr,2
UCAS3, https://www.google.com/finance/quote/UCAS3:BVMF, bdr,2
OSXB3, https://www.google.com/finance/quote/OSXB3:BVMF, bdr,2
ALUP4, https://www.google.com/finance/quote/ALUP4:BVMF, bdr,2
CTSA4, https://www.google.com/finance/quote/CTSA4:BVMF, bdr,2
TASA3, https://www.google.com/finance/quote/TASA3:BVMF, bdr,2
FRIO3, https://www.google.com/finance/quote/FRIO3:BVMF, bdr,2
BMEB4, https://www.google.com/finance/quote/BMEB4:BVMF, bdr,2
NUTR3, https://www.google.com/finance/quote/NUTR3:BVMF, bdr,2
LOGN3, https://www.google.com/finance/quote/LOGN3:BVMF, bdr,2
CGRA4, https://www.google.com/finance/quote/CGRA4:BVMF, bdr,2
OFSA3, https://www.google.com/finance/quote/OFSA3:BVMF, bdr,2
BIOM11, https://www.google.com/finance/quote/BIME11:BVMF, bdr,2
WHRL4, https://www.google.com/finance/quote/WHRL4:BVMF, bdr,2
PDTC3, https://www.google.com/finance/quote/PDTC3:BVMF, bdr,2
COCE5, https://www.google.com/finance/quote/COCE5:BVMF, bdr,2
CEBR3, https://www.google.com/finance/quote/CEBR3:BVMF, bdr,2
CTSA3, https://www.google.com/finance/quote/CTSA3:BVMF, bdr,2
BRSR3, https://www.google.com/finance/quote/BRSR3:BVMF, bdr,2
RNEW11, https://www.google.com/finance/quote/RNEW11:BVMF, bdr,2
RAPT3, https://www.google.com/finance/quote/RAPT3:BVMF, bdr,2
TELB4, https://www.google.com/finance/quote/TELB4:BVMF, bdr,2
ALUP3, https://www.google.com/finance/quote/ALUP3:BVMF, bdr,2
RDNI3, https://www.google.com/finance/quote/RDNI3:BVMF, bdr,2
ISAE3, https://www.google.com/finance/quote/ISAE3:BVMF, bdr,2
PINE3, https://www.google.com/finance/quote/PINE3:BVMF, bdr,2
CGAS5, https://www.google.com/finance/quote/CGAS5:BVMF, bdr,2
BPAC5, https://www.google.com/finance/quote/BPAC5:BVMF, bdr,2
CEBR6, https://www.google.com/finance/quote/CEBR6:BVMF, bdr,2
MMAQ4, https://www.google.com/finance/quote/MMAQ4:BVMF, bdr,2
ENGI3, https://www.google.com/finance/quote/ENGI3:BVMF, bdr,2
AVLL3, https://www.google.com/finance/quote/AVLL3:BVMF, bdr,2
HAGA4, https://www.google.com/finance/quote/HAGA4:BVMF, bdr,2
NEXP3, https://www.google.com/finance/quote/NEXP3:BVMF, bdr,2
RPMG3, https://www.google.com/finance/quote/RPMG3:BVMF, bdr,2
TELB3, https://www.google.com/finance/quote/TELB3:BVMF, bdr,2
BEES4, https://www.google.com/finance/quote/BEES4:BVMF, bdr,2
WHRL3, https://www.google.com/finance/quote/WHRL3:BVMF, bdr,2
MNPR3, https://www.google.com/finance/quote/MNPR3:BVMF, bdr,2
EQPA3, https://www.google.com/finance/quote/EQPA3:BVMF, bdr,2
WLMM4, https://www.google.com/finance/quote/WLMM4:BVMF, bdr,2
BPAC3, https://www.google.com/finance/quote/BPAC3:BVMF, bdr,2
BAZA3, https://www.google.com/finance/quote/BAZA3:BVMF, bdr,2
DEXP4, https://www.google.com/finance/quote/DEXP4:BVMF, bdr,2
PLAS3, https://www.google.com/finance/quote/PLAS3:BVMF, bdr,2
HOOT4, https://www.google.com/finance/quote/HOOT4:BVMF, bdr,2
PEAB4, https://www.google.com/finance/quote/PEAB4:BVMF, bdr,2
REDE3, https://www.google.com/finance/quote/REDE3:BVMF, bdr,2
EKTR4, https://www.google.com/finance/quote/EKTR4:BVMF, bdr,2
GEPA4, https://www.google.com/finance/quote/GEPA4:BVMF, bdr,2
EALT3, https://www.google.com/finance/quote/EALT3:BVMF, bdr,2
CPLE5, https://www.google.com/finance/quote/CPLE5:BVMF, bdr,2
PEAB3, https://www.google.com/finance/quote/PEAB3:BVMF, bdr,2
EQMA3B, https://www.google.com/finance/quote/EQMA3B:BVMF, bdr,2
TKNO3, https://www.google.com/finance/quote/TKNO3:BVMF, bdr,2
BGIP4, https://www.google.com/finance/quote/BGIP4:BVMF, bdr,2
EUCA3, https://www.google.com/finance/quote/EUCA3:BVMF, bdr,2
CEBR5, https://www.google.com/finance/quote/CEBR5:BVMF, bdr,2
AFLT3, https://www.google.com/finance/quote/AFLT3:BVMF, bdr,2
MGEL4, https://www.google.com/finance/quote/MGEL4:BVMF, bdr,2
DTCY3, https://www.google.com/finance/quote/DTCY3:BVMF, bdr,2
ATMP3, https://www.google.com/finance/quote/ATMP3:BVMF, bdr,2
CEDO3, https://www.google.com/finance/quote/CEDO3:BVMF, bdr,2
CRPG6, https://www.google.com/finance/quote/CRPG6:BVMF, bdr,2
BMIN4, https://www.google.com/finance/quote/BMIN4:BVMF, bdr,2
FIEI3, https://www.google.com/finance/quote/FIEI3:BVMF, bdr,2
RPAD5, https://www.google.com/finance/quote/RPAD5:BVMF, bdr,2
RPAD6, https://www.google.com/finance/quote/RPAD6:BVMF, bdr,2
UNIP5, https://www.google.com/finance/quote/UNIP5:BVMF, bdr,2
CEEB3, https://www.google.com/finance/quote/CEEB3:BVMF, bdr,2
AHEB3, https://www.google.com/finance/quote/AHEB3:BVMF, bdr,2
PATI3, https://www.google.com/finance/quote/PATI3:BVMF, bdr,2
BGIP3, https://www.google.com/finance/quote/BGIP3:BVMF, bdr,2
BDLL4, https://www.google.com/finance/quote/BDLL4:BVMF, bdr,2
BSLI4, https://www.google.com/finance/quote/BSLI4:BVMF, bdr,2
EMAE4, https://www.google.com/finance/quote/EMAE4:BVMF, bdr,2
CEDO4, https://www.google.com/finance/quote/CEDO4:BVMF, bdr,2
ESTR4, https://www.google.com/finance/quote/ESTR4:BVMF, bdr,2
TKNO4, https://www.google.com/finance/quote/TKNO4:BVMF, bdr,2
HAGA3, https://www.google.com/finance/quote/HAGA3:BVMF, bdr,2
RPAD3, https://www.google.com/finance/quote/RPAD3:BVMF, bdr,2
MAPT4, https://www.google.com/finance/quote/MAPT4:BVMF, bdr,2
DOHL4, https://www.google.com/finance/quote/DOHL4:BVMF, bdr,2
MERC4, https://www.google.com/finance/quote/MERC4:BVMF, bdr,2
CGAS3, https://www.google.com/finance/quote/CGAS3:BVMF, bdr,2
CTKA4, https://www.google.com/finance/quote/CTKA4:BVMF, bdr,2
SNSY5, https://www.google.com/finance/quote/SNSY5:BVMF, bdr,2
BMKS3, https://www.google.com/finance/quote/BMKS3:BVMF, bdr,2
CBEE3, https://www.google.com/finance/quote/CBEE3:BVMF, bdr,2
PSVM11, https://www.google.com/finance/quote/PSVM11:BVMF, bdr,2
MWET3, https://www.google.com/finance/quote/MWET3:BVMF, bdr,2
SNSY3, https://www.google.com/finance/quote/SNSY3:BVMF, bdr,2
BRKM6, https://www.google.com/finance/quote/BRKM6:BVMF, bdr,2
PATI4, https://www.google.com/finance/quote/4816:TYO, bdr,2
JOPA3, https://www.google.com/finance/quote/JOPA3:BVMF, bdr,2
IGTI4, https://www.google.com/finance/quote/IGTI4:BVMF, bdr,2
GEPA3, https://www.google.com/finance/quote/GEPA3:BVMF, bdr,2
LUXM4, https://www.google.com/finance/quote/LUXM4:BVMF, bdr,2
PTNT3, https://www.google.com/finance/quote/PTNT3:BVMF, bdr,2
MWET4, https://www.google.com/finance/quote/MWET4:BVMF, bdr,2
DASA11, https://www.google.com/finance/quote/ATSA11:BVMF, bdr,2
SOND5, https://www.google.com/finance/quote/SOND5:BVMF, bdr,2
EMAE3, https://www.google.com/finance/quote/EMAE3:BVMF, bdr,2
BALM3, https://www.google.com/finance/quote/BALM3:BVMF, bdr,2
HBTS5, https://www.google.com/finance/quote/HBTS5:BVMF, bdr,2
ATOM3, https://www.google.com/finance/quote/FICT3:BVMF, bdr,2
BSLI3, https://www.google.com/finance/quote/BSLI3:BVMF, bdr,2
AHEB5, https://www.google.com/finance/quote/AHEB5:BVMF, bdr,2
NORD3, https://www.google.com/finance/quote/NORD3:BVMF, bdr,2
BNBR3, https://www.google.com/finance/quote/BNBR3:BVMF, bdr,2
CLSC3, https://www.google.com/finance/quote/CLSC3:BVMF, bdr,2
CRPG3, https://www.google.com/finance/quote/CRPG3:BVMF, bdr,2
BRSR5, https://www.google.com/finance/quote/BRSR5:BVMF, bdr,2
TEKA4, https://www.google.com/finance/quote/TEKA4:BVMF, bdr,2
CEEB5, https://www.google.com/finance/quote/CEEB5:BVMF, bdr,2
MRSA6B, https://www.google.com/finance/quote/MRSA6B:BVMF, bdr,2
BAUH4, https://www.google.com/finance/quote/BAUH4:BVMF, bdr,2
petr4,https://www.google.com/finance/quote/PETR4:BVMF,bdr,2
MXRF11,https://www.google.com/finance/quote/MXRF11:BVMF,fii,3
BTC,https://www.google.com/finance/quote/BTC-BRL,cripto,-1
AFHI11, https://www.google.com/finance/quote/AFHI11:BVMF, fii,3
AJFI11, https://www.google.com/finance/quote/AJFI11:BVMF, fii,3
ALZC11, https://www.google.com/finance/quote/ALZC11:BVMF, fii,3
ALZM11, https://www.google.com/finance/quote/ALZM11:BVMF, fii,3
MTOF11, https://www.google.com/finance/quote/MTOF11:BVMF, fii,3
AURB11, https://www.google.com/finance/quote/AURB11:BVMF, fii,3
APXR11, https://www.google.com/finance/quote/AURB11:BVMF, fii,3
APXU11, https://www.google.com/finance/quote/APXM11:BVMF, fii,3
AROA11, https://www.google.com/finance/quote/AROA11:BVMF, fii,3
ARXD11, https://www.google.com/finance/quote/ARXD11:BVMF, fii,3
AIEC11, https://www.google.com/finance/quote/AIEC11:BVMF, fii,3
AZPE11, https://www.google.com/finance/quote/AZPE11:BVMF, fii,3
AZPL11, https://www.google.com/finance/quote/AZPL11:BVMF, fii,3
BCRI11, https://www.google.com/finance/quote/BCRI11:BVMF, fii,3
BNFS11, https://www.google.com/finance/quote/BNFS11:BVMF, fii,3
BTML11, https://www.google.com/finance/quote/BTML11:BVMF, fii,3
BZEL11, https://www.google.com/finance/quote/BTLG11:BVMF, fii,3
BPDR11, https://www.google.com/finance/quote/BTLG11:BVMF, fii,3
BPLC11, https://www.google.com/finance/quote/BPAC11:BVMF, fii,3
BBFI11, https://www.google.com/finance/quote/BBFI11:BVMF, fii,3
BBFO11, https://www.google.com/finance/quote/BBFO11:BVMF, fii,3
BBIG11, https://www.google.com/finance/quote/BBIG11:BVMF, fii,3
BBRC11, https://www.google.com/finance/quote/BBRC11:BVMF, fii,3
RNDP11, https://www.google.com/finance/quote/RNDP11:BVMF, fii,3
BGRB11, https://www.google.com/finance/quote/BGRB11:BVMF, fii,3
BLOG11, https://www.google.com/finance/quote/BLOG11:BVMF, fii,3
BLMG11, https://www.google.com/finance/quote/BLOG11:BVMF, fii,3
BRSE11, https://www.google.com/finance/quote/BRCO11:BVMF, fii,3
BCIA11, https://www.google.com/finance/quote/BCIA11:BVMF, fii,3
CARE11, https://www.google.com/finance/quote/CARE11:BVMF, fii,3
RTEL11, https://www.google.com/finance/quote/TRBL11:BVMF, fii,3
FATN11, https://www.google.com/finance/quote/FATN11:BVMF, fii,3
BRCD11, https://www.google.com/finance/quote/BRCR11:BVMF, fii,3
BRCO11, https://www.google.com/finance/quote/BRCO11:BVMF, fii,3
BICE11, https://www.google.com/finance/quote/BICE11:BVMF, fii,3
BIME11, https://www.google.com/finance/quote/BIME11:BVMF, fii,3
BRIM11, https://www.google.com/finance/quote/BRIM11:BVMF, fii,3
BRIP11, https://www.google.com/finance/quote/BRIP11:BVMF, fii,3
BIPD11, https://www.google.com/finance/quote/BIPD11:BVMF, fii,3
BIPE11, https://www.google.com/finance/quote/BIPE11:BVMF, fii,3
BRIX11, https://www.google.com/finance/quote/BRIX11:BVMF, fii,3
BROF11, https://www.google.com/finance/quote/BROF11:BVMF, fii,3
BETW11, https://www.google.com/finance/quote/BROF11:BVMF, fii,3
LLAO11, https://www.google.com/finance/quote/LLAO11:BVMF, fii,3
BTHI11, https://www.google.com/finance/quote/BTHI11:BVMF, fii,3
BTLG11, https://www.google.com/finance/quote/BTLG11:BVMF, fii,3
BTHF11, https://www.google.com/finance/quote/BTHF11:BVMF, fii,3
BTYU11, https://www.google.com/finance/quote/BTYU11:BVMF, fii,3
BTWR11, https://www.google.com/finance/quote/BTWR11:BVMF, fii,3
BTSG11, https://www.google.com/finance/quote/BTSG11:BVMF, fii,3
BTSI11, https://www.google.com/finance/quote/BTSI11:BVMF, fii,3
CRFF11, https://www.google.com/finance/quote/CRFF11:BVMF, fii,3
CXRI11, https://www.google.com/finance/quote/CXRI11:BVMF, fii,3
CCME11, https://www.google.com/finance/quote/CCME11:BVMF, fii,3
CCVA11, https://www.google.com/finance/quote/CCVA11:BVMF, fii,3
CPUR11, https://www.google.com/finance/quote/CPUR11:BVMF, fii,3
CPLG11, https://www.google.com/finance/quote/CPLG11:BVMF, fii,3
CPOF11, https://www.google.com/finance/quote/CPOF11:BVMF, fii,3
CPFF11, https://www.google.com/finance/quote/CPFF11:BVMF, fii,3
CPTS11, https://www.google.com/finance/quote/CPTS11:BVMF, fii,3
CPSH11, https://www.google.com/finance/quote/CPSH11:BVMF, fii,3
CACR11, https://www.google.com/finance/quote/CACR11:BVMF, fii,3
CBOP11, https://www.google.com/finance/quote/CBOP11:BVMF, fii,3
BLCA11, https://www.google.com/finance/quote/BLCA11:BVMF, fii,3
CENU11, https://www.google.com/finance/quote/CENU11:BVMF, fii,3
CFHI11, https://www.google.com/finance/quote/CFHI11:BVMF, fii,3
CFII11, https://www.google.com/finance/quote/CFII11:BVMF, fii,3
CJCT11, https://www.google.com/finance/quote/CJCT11:BVMF, fii,3
CIXM11, https://www.google.com/finance/quote/CJCT11:BVMF, fii,3
CIXR11, https://www.google.com/finance/quote/CACR11:BVMF, fii,3
CLIN11, https://www.google.com/finance/quote/CLIN11:BVMF, fii,3
CSMC11, https://www.google.com/finance/quote/CLIN11:BVMF, fii,3
RENV11, https://www.google.com/finance/quote/RENV11:BVMF, fii,3
CVPR11, https://www.google.com/finance/quote/HCTR11:BVMF, fii,3
CYCR11, https://www.google.com/finance/quote/CYCR11:BVMF, fii,3
CYLD11, https://www.google.com/finance/quote/CYLD11:BVMF, fii,3
DAMA11, https://www.google.com/finance/quote/DAMA11:BVMF, fii,3
ASMT11, https://www.google.com/finance/quote/ASMT11:BVMF, fii,3
ASRF11, https://www.google.com/finance/quote/ASRF11:BVMF, fii,3
DLMT11, https://www.google.com/finance/quote/ASRF11:BVMF, fii,3
DPRO11, https://www.google.com/finance/quote/DPRO11:BVMF, fii,3
DEVA11, https://www.google.com/finance/quote/DEVA11:BVMF, fii,3
DAMT11, https://www.google.com/finance/quote/DAMT11:BVMF, fii,3
DOVL11, https://www.google.com/finance/quote/DOVL11:BVMF, fii,3
EDGE11, https://www.google.com/finance/quote/DOVL11:BVMF, fii,3
EMET11, https://www.google.com/finance/quote/EMET11:BVMF, fii,3
EGYR11, https://www.google.com/finance/quote/EGYR11:BVMF, fii,3
EQIR11, https://www.google.com/finance/quote/EQIR11:BVMF, fii,3
ERCR11, https://www.google.com/finance/quote/ERCR11:BVMF, fii,3
ERPA11, https://www.google.com/finance/quote/ERPA11:BVMF, fii,3
KEVE11, https://www.google.com/finance/quote/KEVE11:BVMF, fii,3
EXES11, https://www.google.com/finance/quote/EXES11:BVMF, fii,3
FLCR11, https://www.google.com/finance/quote/FLCR11:BVMF, fii,3
FARU11, https://www.google.com/finance/quote/FLCR11:BVMF, fii,3
VRTA11, https://www.google.com/finance/quote/VRTA11:BVMF, fii,3
VRTM11, https://www.google.com/finance/quote/VRTM11:BVMF, fii,3
FIIC11, https://www.google.com/finance/quote/FIIB11:BVMF, fii,3
LRDI11, https://www.google.com/finance/quote/LRDI11:BVMF, fii,3
MMPD11, https://www.google.com/finance/quote/LRDI11:BVMF, fii,3
IBCR11, https://www.google.com/finance/quote/IBCR11:BVMF, fii,3
IDGR11, https://www.google.com/finance/quote/IDGR11:BVMF, fii,3
IDUA11, https://www.google.com/finance/quote/IDUA11:BVMF, fii,3
GAME11, https://www.google.com/finance/quote/GAME11:BVMF, fii,3
TRBL11, https://www.google.com/finance/quote/TRBL11:BVMF, fii,3
ANCR11, https://www.google.com/finance/quote/ANCR11:BVMF, fii,3
FAED11, https://www.google.com/finance/quote/FAED11:BVMF, fii,3
BMLC11, https://www.google.com/finance/quote/BMLC11:BVMF, fii,3
BRCR11, https://www.google.com/finance/quote/BRCR11:BVMF, fii,3
FCFL11, https://www.google.com/finance/quote/FCFL11:BVMF, fii,3
CNES11, https://www.google.com/finance/quote/CNES11:BVMF, fii,3
CEOC11, https://www.google.com/finance/quote/CEOC11:BVMF, fii,3
FAMB11, https://www.google.com/finance/quote/FAMB11:BVMF, fii,3
EDGA11, https://www.google.com/finance/quote/EDGA11:BVMF, fii,3
ELDO11, https://www.google.com/finance/quote/ELDO11:BVMF, fii,3
HCRI11, https://www.google.com/finance/quote/HCRI11:BVMF, fii,3
NSLU11, https://www.google.com/finance/quote/NSLU11:BVMF, fii,3
HTMX11, https://www.google.com/finance/quote/HTMX11:BVMF, fii,3
MAXR11, https://www.google.com/finance/quote/MAXR11:BVMF, fii,3
NVHO11, https://www.google.com/finance/quote/NVHO11:BVMF, fii,3
PQDP11, https://www.google.com/finance/quote/PQDP11:BVMF, fii,3
PATB11, https://www.google.com/finance/quote/PATL11:BVMF, fii,3
RBRR11, https://www.google.com/finance/quote/RBRR11:BVMF, fii,3
RECR11, https://www.google.com/finance/quote/RECR11:BVMF, fii,3
RECT11, https://www.google.com/finance/quote/RECT11:BVMF, fii,3
SHDP11, https://www.google.com/finance/quote/SHDP11:BVMF, fii,3
SAIC11, https://www.google.com/finance/quote/SAIC11:BVMF, fii,3
ALMI11, https://www.google.com/finance/quote/ALMI11:BVMF, fii,3
TRNT11, https://www.google.com/finance/quote/TRNT11:BVMF, fii,3
WTSP11, https://www.google.com/finance/quote/WTSP11:BVMF, fii,3
LVBI11, https://www.google.com/finance/quote/LVBI11:BVMF, fii,3
BRHT11, https://www.google.com/finance/quote/BRHT11:BVMF, fii,3
BPFF11, https://www.google.com/finance/quote/BPFF11:BVMF, fii,3
BVAR11, https://www.google.com/finance/quote/BVAR11:BVMF, fii,3
BPML11, https://www.google.com/finance/quote/BPML11:BVMF, fii,3
BTRA11, https://www.google.com/finance/quote/BTRA11:BVMF, fii,3
CXCI11, https://www.google.com/finance/quote/CXCI11:BVMF, fii,3
CXCE11, https://www.google.com/finance/quote/CXCE11:BVMF, fii,3
CXTL11, https://www.google.com/finance/quote/CXCE11:BVMF, fii,3
CTXT11, https://www.google.com/finance/quote/CTXT11:BVMF, fii,3
CJFI11, https://www.google.com/finance/quote/AJFI11:BVMF, fii,3
FLMA11, https://www.google.com/finance/quote/FLMA11:BVMF, fii,3
EGDB11, https://www.google.com/finance/quote/FLMA11:BVMF, fii,3
EDFO11, https://www.google.com/finance/quote/EDFO11:BVMF, fii,3
EURO11, https://www.google.com/finance/quote/EURO11:BVMF, fii,3
EZTB11, https://www.google.com/finance/quote/EURO11:BVMF, fii,3
ABCP11, https://www.google.com/finance/quote/ABCP11:BVMF, fii,3
GTWR11, https://www.google.com/finance/quote/1150:TADAWUL, fii,3
HERM11, https://www.google.com/finance/quote/IRDM11:BVMF, fii,3
HUCG11, https://www.google.com/finance/quote/HUCG11:BVMF, fii,3
HUSC11, https://www.google.com/finance/quote/HUSC11:BVMF, fii,3
FIIB11, https://www.google.com/finance/quote/FIIB11:BVMF, fii,3
FINF11, https://www.google.com/finance/quote/FINF11:BVMF, fii,3
JKDF11, https://www.google.com/finance/quote/FINF11:BVMF, fii,3
JKEF11, https://www.google.com/finance/quote/JSAF11:BVMF, fii,3
FMOF11, https://www.google.com/finance/quote/JSAF11:BVMF, fii,3
MVFI11, https://www.google.com/finance/quote/JSAF11:BVMF, fii,3
OULG11, https://www.google.com/finance/quote/OULG11:BVMF, fii,3
PABY11, https://www.google.com/finance/quote/PABY11:BVMF, fii,3
FPNG11, https://www.google.com/finance/quote/FPNG11:BVMF, fii,3
ESTQ11, https://www.google.com/finance/quote/FPNG11:BVMF, fii,3
VPSI11, https://www.google.com/finance/quote/FPNG11:BVMF, fii,3
FPAB11, https://www.google.com/finance/quote/FPAB11:BVMF, fii,3
QNTS11, https://www.google.com/finance/quote/FPAB11:BVMF, fii,3
RBRY11, https://www.google.com/finance/quote/RBRY11:BVMF, fii,3
RBRP11, https://www.google.com/finance/quote/RBRP11:BVMF, fii,3
ANGC11, https://www.google.com/finance/quote/ENGI11:BVMF, fii,3
RCRB11, https://www.google.com/finance/quote/RCRB11:BVMF, fii,3
RBED11, https://www.google.com/finance/quote/RBED11:BVMF, fii,3
RBVA11, https://www.google.com/finance/quote/RBVA11:BVMF, fii,3
RNGO11, https://www.google.com/finance/quote/RNGO11:BVMF, fii,3
FISC11, https://www.google.com/finance/quote/FISC11:BVMF, fii,3
SCPF11, https://www.google.com/finance/quote/SCPF11:BVMF, fii,3
SFFI11, https://www.google.com/finance/quote/SNFF11:BVMF, fii,3
SHPH11, https://www.google.com/finance/quote/SHPH11:BVMF, fii,3
SMRE11, https://www.google.com/finance/quote/SMRE11:BVMF, fii,3
TGAR11, https://www.google.com/finance/quote/TGAR11:BVMF, fii,3
TGRU11, https://www.google.com/finance/quote/HGRU11:BVMF, fii,3
TMFI11, https://www.google.com/finance/quote/HGRU11:BVMF, fii,3
BARI11, https://www.google.com/finance/quote/BARI11:BVMF, fii,3
VERE11, https://www.google.com/finance/quote/VERE11:BVMF, fii,3
FVPQ11, https://www.google.com/finance/quote/FVPQ11:BVMF, fii,3
FIVN11, https://www.google.com/finance/quote/FIVN11:BVMF, fii,3
FBTS11, https://www.google.com/finance/quote/FIVN11:BVMF, fii,3
VTLT11, https://www.google.com/finance/quote/VTLT11:BVMF, fii,3
VSHO11, https://www.google.com/finance/quote/VSHO11:BVMF, fii,3
FAVM11, https://www.google.com/finance/quote/VSHO11:BVMF, fii,3
FIGV11, https://www.google.com/finance/quote/FIGS11:BVMF, fii,3
PLCR11, https://www.google.com/finance/quote/PLCR11:BVMF, fii,3
VTPL11, https://www.google.com/finance/quote/VTPL11:BVMF, fii,3
RELG11, https://www.google.com/finance/quote/RELG11:BVMF, fii,3
CVBI11, https://www.google.com/finance/quote/CVBI11:BVMF, fii,3
MCCI11, https://www.google.com/finance/quote/MCCI11:BVMF, fii,3
ATWN11, https://www.google.com/finance/quote/FATN11:BVMF, fii,3
BTAL11, https://www.google.com/finance/quote/BTAL11:BVMF, fii,3
CXCO11, https://www.google.com/finance/quote/CXCO11:BVMF, fii,3
HOSI11, https://www.google.com/finance/quote/HOSI11:BVMF, fii,3
MGHT11, https://www.google.com/finance/quote/MGHT11:BVMF, fii,3
PVBI11, https://www.google.com/finance/quote/PVBI11:BVMF, fii,3
DVFF11, https://www.google.com/finance/quote/DVFF11:BVMF, fii,3
RFOF11, https://www.google.com/finance/quote/RFOF11:BVMF, fii,3
VTPA11, https://www.google.com/finance/quote/VRTA11:BVMF, fii,3
VTXI11, https://www.google.com/finance/quote/VRTA11:BVMF, fii,3
FTRE11, https://www.google.com/finance/quote/BTRA11:BVMF, fii,3
BCFF11, https://www.google.com/finance/quote/BTRA11:BVMF, fii,3
NCHB11, https://www.google.com/finance/quote/NCHB11:BVMF, fii,3
BTCI11, https://www.google.com/finance/quote/BTCI11:BVMF, fii,3
HRES11, https://www.google.com/finance/quote/HRES11:BVMF, fii,3
N4V111, https://www.google.com/finance/quote/HRES11:BVMF, fii,3
IRDM11, https://www.google.com/finance/quote/IRDM11:BVMF, fii,3
VCHG11, https://www.google.com/finance/quote/IRDM11:BVMF, fii,3
JCIN11, https://www.google.com/finance/quote/JCIN11:BVMF, fii,3
HLMB11, https://www.google.com/finance/quote/JCIN11:BVMF, fii,3
SBCL11, https://www.google.com/finance/quote/JCIN11:BVMF, fii,3
FRHY11, https://www.google.com/finance/quote/RBRR11:BVMF, fii,3
GARE11, https://www.google.com/finance/quote/GARE11:BVMF, fii,3
SPVJ11, https://www.google.com/finance/quote/GARE11:BVMF, fii,3
KFOF11, https://www.google.com/finance/quote/KFOF11:BVMF, fii,3
PULV11, https://www.google.com/finance/quote/PULV11:BVMF, fii,3
HOMS11, https://www.google.com/finance/quote/PULV11:BVMF, fii,3
SNEL11, https://www.google.com/finance/quote/SNEL11:BVMF, fii,3
BLUR11, https://www.google.com/finance/quote/BLUR11:BVMF, fii,3
LKDV11, https://www.google.com/finance/quote/LKDV11:BVMF, fii,3
RBRI11, https://www.google.com/finance/quote/RBRI11:BVMF, fii,3
SPXS11, https://www.google.com/finance/quote/SPXS11:BVMF, fii,3
APXM11, https://www.google.com/finance/quote/APXM11:BVMF, fii,3
CXAG11, https://www.google.com/finance/quote/CXAG11:BVMF, fii,3
HBCR11, https://www.google.com/finance/quote/HBCR11:BVMF, fii,3
BLUE11, https://www.google.com/finance/quote/HBCR11:BVMF, fii,3
MINT11, https://www.google.com/finance/quote/MINT11:BVMF, fii,3
RZTR11, https://www.google.com/finance/quote/RZTR11:BVMF, fii,3
ROOF11, https://www.google.com/finance/quote/ROOF11:BVMF, fii,3
SOFF11, https://www.google.com/finance/quote/SOFF11:BVMF, fii,3
TCIN11, https://www.google.com/finance/quote/TCIN11:BVMF, fii,3
GCDL11, https://www.google.com/finance/quote/GCDL11:BVMF, fii,3
GCRI11, https://www.google.com/finance/quote/GCRI11:BVMF, fii,3
GCOI11, https://www.google.com/finance/quote/GCOI11:BVMF, fii,3
GZIT11, https://www.google.com/finance/quote/GZIT11:BVMF, fii,3
GSFI11, https://www.google.com/finance/quote/GSFI11:BVMF, fii,3
VXXV11, https://www.google.com/finance/quote/VXXV11:BVMF, fii,3
GLOG11, https://www.google.com/finance/quote/GLOG11:BVMF, fii,3
MALL11, https://www.google.com/finance/quote/MALL11:BVMF, fii,3
GGRC11, https://www.google.com/finance/quote/GGRC11:BVMF, fii,3
GRRO11, https://www.google.com/finance/quote/GRWA11:BVMF, fii,3
RCFA11, https://www.google.com/finance/quote/RCFA11:BVMF, fii,3
HABT11, https://www.google.com/finance/quote/HABT11:BVMF, fii,3
ATCR11, https://www.google.com/finance/quote/ATCR11:BVMF, fii,3
AERO11, https://www.google.com/finance/quote/ATCR11:BVMF, fii,3
HCTR11, https://www.google.com/finance/quote/HCTR11:BVMF, fii,3
HCST11, https://www.google.com/finance/quote/HCST11:BVMF, fii,3
HCHG11, https://www.google.com/finance/quote/HCHG11:BVMF, fii,3
HAAA11, https://www.google.com/finance/quote/HAAA11:BVMF, fii,3
ATSA11, https://www.google.com/finance/quote/ATSA11:BVMF, fii,3
HGBL11, https://www.google.com/finance/quote/HGBL11:BVMF, fii,3
HGBS11, https://www.google.com/finance/quote/HGBS11:BVMF, fii,3
HCOF11, https://www.google.com/finance/quote/HFOF11:BVMF, fii,3
HDEL11, https://www.google.com/finance/quote/HDEL11:BVMF, fii,3
FLRP11, https://www.google.com/finance/quote/FLRP11:BVMF, fii,3
HLOG11, https://www.google.com/finance/quote/HLOG11:BVMF, fii,3
HOFC11, https://www.google.com/finance/quote/HOFC11:BVMF, fii,3
HDOF11, https://www.google.com/finance/quote/HDOF11:BVMF, fii,3
HRDF11, https://www.google.com/finance/quote/HRDF11:BVMF, fii,3
HREC11, https://www.google.com/finance/quote/HRDF11:BVMF, fii,3
SEED11, https://www.google.com/finance/quote/SEED11:BVMF, fii,3
HPDP11, https://www.google.com/finance/quote/HPDP11:BVMF, fii,3
HFOF11, https://www.google.com/finance/quote/HFOF11:BVMF, fii,3
YEES11, https://www.google.com/finance/quote/YEES11:BVMF, fii,3
HGIC11, https://www.google.com/finance/quote/HGIC11:BVMF, fii,3
HILG11, https://www.google.com/finance/quote/G11:ASX, fii,3
HSAF11, https://www.google.com/finance/quote/HSAF11:BVMF, fii,3
HSLG11, https://www.google.com/finance/quote/HSLG11:BVMF, fii,3
HSML11, https://www.google.com/finance/quote/HSML11:BVMF, fii,3
HSRE11, https://www.google.com/finance/quote/HSRE11:BVMF, fii,3
HUSI11, https://www.google.com/finance/quote/HUSI11:BVMF, fii,3
IVCI11, https://www.google.com/finance/quote/IVCI11:BVMF, fii,3
GRUL11, https://www.google.com/finance/quote/GRUL11:BVMF, fii,3
RNOV11, https://www.google.com/finance/quote/RNEW11:BVMF, fii,3
FMOB11, https://www.google.com/finance/quote/RNEW11:BVMF, fii,3
IMMV11, https://www.google.com/finance/quote/RNEW11:BVMF, fii,3
INDE11, https://www.google.com/finance/quote/INDE11:BVMF, fii,3
INLG11, https://www.google.com/finance/quote/INLG11:BVMF, fii,3
INRD11, https://www.google.com/finance/quote/INRD11:BVMF, fii,3
ITIP11, https://www.google.com/finance/quote/ITIP11:BVMF, fii,3
ITIT11, https://www.google.com/finance/quote/ITIT11:BVMF, fii,3
IBBP11, https://www.google.com/finance/quote/IBBP11:BVMF, fii,3
ISCJ11, https://www.google.com/finance/quote/ISCJ11:BVMF, fii,3
IRBL11, https://www.google.com/finance/quote/TRBL11:BVMF, fii,3
IRIM11, https://www.google.com/finance/quote/IRIM11:BVMF, fii,3
ICRI11, https://www.google.com/finance/quote/ICRI11:BVMF, fii,3
TMPS11, https://www.google.com/finance/quote/TMPS11:BVMF, fii,3
ITRI11, https://www.google.com/finance/quote/ITRI11:BVMF, fii,3
JCDB11, https://www.google.com/finance/quote/ITRI11:BVMF, fii,3
JCDA11, https://www.google.com/finance/quote/JCCJ11:BVMF, fii,3
JASC11, https://www.google.com/finance/quote/JASC11:BVMF, fii,3
JBFO11, https://www.google.com/finance/quote/JBFO11:BVMF, fii,3
VJFD11, https://www.google.com/finance/quote/VJFD11:BVMF, fii,3
JFLL11, https://www.google.com/finance/quote/JFLL11:BVMF, fii,3
RDLS11, https://www.google.com/finance/quote/JFLL11:BVMF, fii,3
JCCJ11, https://www.google.com/finance/quote/JCCJ11:BVMF, fii,3
JPPC11, https://www.google.com/finance/quote/JPPC11:BVMF, fii,3
JPPA11, https://www.google.com/finance/quote/JPPA11:BVMF, fii,3
JSAF11, https://www.google.com/finance/quote/JSAF11:BVMF, fii,3
JSRE11, https://www.google.com/finance/quote/JSRE11:BVMF, fii,3
JSCR11, https://www.google.com/finance/quote/JSCR11:BVMF, fii,3
JTPR11, https://www.google.com/finance/quote/JTPR11:BVMF, fii,3
BGS111, https://www.google.com/finance/quote/JTPR11:BVMF, fii,3
KISU11, https://www.google.com/finance/quote/KISU11:BVMF, fii,3
KIVO11, https://www.google.com/finance/quote/KIVO11:BVMF, fii,3
KRES11, https://www.google.com/finance/quote/KNCR11:BVMF, fii,3
003H11, https://www.google.com/finance/quote/KNCR11:BVMF, fii,3
KCRE11, https://www.google.com/finance/quote/KCRE11:BVMF, fii,3
KLOG11, https://www.google.com/finance/quote/HGLG11:BVMF, fii,3
KFEN11, https://www.google.com/finance/quote/KFOF11:BVMF, fii,3
KNHF11, https://www.google.com/finance/quote/KNHF11:BVMF, fii,3
KNHY11, https://www.google.com/finance/quote/KNHY11:BVMF, fii,3
KNRE11, https://www.google.com/finance/quote/KNRE11:BVMF, fii,3
KNIP11, https://www.google.com/finance/quote/KNIP11:BVMF, fii,3
KOPI11, https://www.google.com/finance/quote/KOPA11:BVMF, fii,3
KORE11, https://www.google.com/finance/quote/KORE11:BVMF, fii,3
KNPR11, https://www.google.com/finance/quote/KNCR11:BVMF, fii,3
KPMR11, https://www.google.com/finance/quote/KNCR11:BVMF, fii,3
KPRP11, https://www.google.com/finance/quote/XPPR11:BVMF, fii,3
KNRI11, https://www.google.com/finance/quote/KNRI11:BVMF, fii,3
KNCR11, https://www.google.com/finance/quote/KNRI11:BVMF, fii,3
KNSC11, https://www.google.com/finance/quote/KNSC11:BVMF, fii,3
KNUQ11, https://www.google.com/finance/quote/KNUQ11:BVMF, fii,3
LPLP11, https://www.google.com/finance/quote/LPLP11:BVMF, fii,3
SLDZ11, https://www.google.com/finance/quote/LPLP11:BVMF, fii,3
LRED11, https://www.google.com/finance/quote/LPLP11:BVMF, fii,3
LSOI11, https://www.google.com/finance/quote/LPLP11:BVMF, fii,3
LASC11, https://www.google.com/finance/quote/LASC11:BVMF, fii,3
LSPA11, https://www.google.com/finance/quote/LSPA11:BVMF, fii,3
LIFE11, https://www.google.com/finance/quote/LIFE11:BVMF, fii,3
LOFT11, https://www.google.com/finance/quote/LIFE11:BVMF, fii,3
LFTT11, https://www.google.com/finance/quote/LFTT11:BVMF, fii,3
MANA11, https://www.google.com/finance/quote/MANA11:BVMF, fii,3
MMVE11, https://www.google.com/finance/quote/MMVE11:BVMF, fii,3
MCLO11, https://www.google.com/finance/quote/MCCI11:BVMF, fii,3
MCRE11, https://www.google.com/finance/quote/MCRE11:BVMF, fii,3
MBBI11, https://www.google.com/finance/quote/BRBI11:BVMF, fii,3
MCEM11, https://www.google.com/finance/quote/BRBI11:BVMF, fii,3
MFII11, https://www.google.com/finance/quote/MFII11:BVMF, fii,3
MFAI11, https://www.google.com/finance/quote/MFII11:BVMF, fii,3
MFCR11, https://www.google.com/finance/quote/MFCR11:BVMF, fii,3
MCFY11, https://www.google.com/finance/quote/MFCR11:BVMF, fii,3
MGRI11, https://www.google.com/finance/quote/MGRI11:BVMF, fii,3
SHOP11, https://www.google.com/finance/quote/SHOP11:BVMF, fii,3
DRIT11, https://www.google.com/finance/quote/DRIT11:BVMF, fii,3
MOFF11, https://www.google.com/finance/quote/DRIT11:BVMF, fii,3
NCRI11, https://www.google.com/finance/quote/NCRI11:BVMF, fii,3
NAVT11, https://www.google.com/finance/quote/NAVT11:BVMF, fii,3
APTO11, https://www.google.com/finance/quote/NAVT11:BVMF, fii,3
EAGL11, https://www.google.com/finance/quote/NAVT11:BVMF, fii,3
NEWL11, https://www.google.com/finance/quote/NEWL11:BVMF, fii,3
NEWU11, https://www.google.com/finance/quote/NEWU11:BVMF, fii,3
OCRE11, https://www.google.com/finance/quote/OCRE11:BVMF, fii,3
ONDV11, https://www.google.com/finance/quote/OCRE11:BVMF, fii,3
ARRI11, https://www.google.com/finance/quote/ARRI11:BVMF, fii,3
OBAL11, https://www.google.com/finance/quote/OBAL11:BVMF, fii,3
FTCE11, https://www.google.com/finance/quote/FTCE11:BVMF, fii,3
OUJP11, https://www.google.com/finance/quote/OUJP11:BVMF, fii,3
PNCR11, https://www.google.com/finance/quote/PNCR11:BVMF, fii,3
PNDL11, https://www.google.com/finance/quote/PNDL11:BVMF, fii,3
PNLM11, https://www.google.com/finance/quote/PNDL11:BVMF, fii,3
PNPR11, https://www.google.com/finance/quote/PNPR11:BVMF, fii,3
PNRC11, https://www.google.com/finance/quote/PNRC11:BVMF, fii,3
PMIS11, https://www.google.com/finance/quote/PMIS11:BVMF, fii,3
VTVI11, https://www.google.com/finance/quote/TVRI11:BVMF, fii,3
PQAG11, https://www.google.com/finance/quote/PQAG11:BVMF, fii,3
PATA11, https://www.google.com/finance/quote/PATA11:BVMF, fii,3
PATC11, https://www.google.com/finance/quote/PATC11:BVMF, fii,3
HGRE11, https://www.google.com/finance/quote/HGRE11:BVMF, fii,3
HGFF11, https://www.google.com/finance/quote/HGFF11:BVMF, fii,3
HGLG11, https://www.google.com/finance/quote/HGLG11:BVMF, fii,3
PATL11, https://www.google.com/finance/quote/PATL11:BVMF, fii,3
HGPO11, https://www.google.com/finance/quote/HGPO11:BVMF, fii,3
HGCR11, https://www.google.com/finance/quote/HGCR11:BVMF, fii,3
HGRU11, https://www.google.com/finance/quote/HGRU11:BVMF, fii,3
PEMA11, https://www.google.com/finance/quote/PEMA11:BVMF, fii,3
PRSN11, https://www.google.com/finance/quote/PRSN11:BVMF, fii,3
PORD11, https://www.google.com/finance/quote/PORD11:BVMF, fii,3
PLRI11, https://www.google.com/finance/quote/PLRI11:BVMF, fii,3
PCAS11, https://www.google.com/finance/quote/CPTS11:BVMF, fii,3
PRZS11, https://www.google.com/finance/quote/CPTS11:BVMF, fii,3
PRSV11, https://www.google.com/finance/quote/PRSV11:BVMF, fii,3
PBLV11, https://www.google.com/finance/quote/PBLV11:BVMF, fii,3
IMOF11, https://www.google.com/finance/quote/PBLV11:BVMF, fii,3
QTZD11, https://www.google.com/finance/quote/PBLV11:BVMF, fii,3
RZZI11, https://www.google.com/finance/quote/RZTR11:BVMF, fii,3
RZZR11, https://www.google.com/finance/quote/RZZR11:BVMF, fii,3
RSPD11, https://www.google.com/finance/quote/RSPD11:BVMF, fii,3
RBDS11, https://www.google.com/finance/quote/RSPD11:BVMF, fii,3
RBIR11, https://www.google.com/finance/quote/RBIR11:BVMF, fii,3
RBLG11, https://www.google.com/finance/quote/RBLG11:BVMF, fii,3
RRCI11, https://www.google.com/finance/quote/RRCI11:BVMF, fii,3
FIIP11, https://www.google.com/finance/quote/FIIP11:BVMF, fii,3
RBRD11, https://www.google.com/finance/quote/RBRD11:BVMF, fii,3
RBTS11, https://www.google.com/finance/quote/RBTS11:BVMF, fii,3
RBRF11, https://www.google.com/finance/quote/RBRF11:BVMF, fii,3
RCFF11, https://www.google.com/finance/quote/RCFF11:BVMF, fii,3
RDCI11, https://www.google.com/finance/quote/RCFF11:BVMF, fii,3
RDLI11, https://www.google.com/finance/quote/RDLI11:BVMF, fii,3
SHIP11, https://www.google.com/finance/quote/CHIP11:BVMF, fii,3
RBRL11, https://www.google.com/finance/quote/RBRL11:BVMF, fii,3
RBRX11, https://www.google.com/finance/quote/RBRX11:BVMF, fii,3
RPRI11, https://www.google.com/finance/quote/RPRI11:BVMF, fii,3
TOPP11, https://www.google.com/finance/quote/TOPP11:BVMF, fii,3
RMAI11, https://www.google.com/finance/quote/RMAI11:BVMF, fii,3
RINV11, https://www.google.com/finance/quote/RINV11:BVMF, fii,3
RECD11, https://www.google.com/finance/quote/RECD11:BVMF, fii,3
RECM11, https://www.google.com/finance/quote/RECM11:BVMF, fii,3
RBHG11, https://www.google.com/finance/quote/RBHG11:BVMF, fii,3
RBHY11, https://www.google.com/finance/quote/RBHY11:BVMF, fii,3
RBVO11, https://www.google.com/finance/quote/RBVO11:BVMF, fii,3
RBFF11, https://www.google.com/finance/quote/RBFF11:BVMF, fii,3
RBOP11, https://www.google.com/finance/quote/RBOP11:BVMF, fii,3
RBRS11, https://www.google.com/finance/quote/RBRS11:BVMF, fii,3
RZAK11, https://www.google.com/finance/quote/RZAK11:BVMF, fii,3
RZAT11, https://www.google.com/finance/quote/RZAT11:BVMF, fii,3
RZLC11, https://www.google.com/finance/quote/RZLC11:BVMF, fii,3
RCKF11, https://www.google.com/finance/quote/RZLC11:BVMF, fii,3
SADI11, https://www.google.com/finance/quote/SADI11:BVMF, fii,3
SAPI11, https://www.google.com/finance/quote/SAPI11:BVMF, fii,3
SARE11, https://www.google.com/finance/quote/SARE11:BVMF, fii,3
FISD11, https://www.google.com/finance/quote/FISD11:BVMF, fii,3
SEQR11, https://www.google.com/finance/quote/SEQR11:BVMF, fii,3
WPLZ11, https://www.google.com/finance/quote/WPLZ11:BVMF, fii,3
REIT11, https://www.google.com/finance/quote/REIT11:BVMF, fii,3
SJAU11, https://www.google.com/finance/quote/SJAU11:BVMF, fii,3
SOLR11, https://www.google.com/finance/quote/SOLR11:BVMF, fii,3
SPTW11, https://www.google.com/finance/quote/SPTW11:BVMF, fii,3
SPAF11, https://www.google.com/finance/quote/SPAF11:BVMF, fii,3
LTMT11, https://www.google.com/finance/quote/LTMT11:BVMF, fii,3
DVLP11, https://www.google.com/finance/quote/DVLP11:BVMF, fii,3
DVLT11, https://www.google.com/finance/quote/VTLT11:BVMF, fii,3
PMFO11, https://www.google.com/finance/quote/PMFO11:BVMF, fii,3
SPGM11, https://www.google.com/finance/quote/SPGM11:BVMF, fii,3
SPG211, https://www.google.com/finance/quote/SPGM11:BVMF, fii,3
SPXM11, https://www.google.com/finance/quote/SPXS11:BVMF, fii,3
SPXG11, https://www.google.com/finance/quote/SPXI11:BVMF, fii,3
SPXL11, https://www.google.com/finance/quote/SPXI11:BVMF, fii,3
STRX11, https://www.google.com/finance/quote/STRX11:BVMF, fii,3
SNFF11, https://www.google.com/finance/quote/SNFF11:BVMF, fii,3
SNLG11, https://www.google.com/finance/quote/SNLG11:BVMF, fii,3
SNME11, https://www.google.com/finance/quote/SNME11:BVMF, fii,3
SNCI11, https://www.google.com/finance/quote/SNCI11:BVMF, fii,3
SPMO11, https://www.google.com/finance/quote/SPMO11:BVMF, fii,3
TELD11, https://www.google.com/finance/quote/TORD11:BVMF, fii,3
TELM11, https://www.google.com/finance/quote/TELM11:BVMF, fii,3
TEPP11, https://www.google.com/finance/quote/TEPP11:BVMF, fii,3
TSER11, https://www.google.com/finance/quote/TSER11:BVMF, fii,3
TVRI11, https://www.google.com/finance/quote/TVRI11:BVMF, fii,3
VOTS11, https://www.google.com/finance/quote/VOTS11:BVMF, fii,3
TJKB11, https://www.google.com/finance/quote/TJKB11:BVMF, fii,3
TORD11, https://www.google.com/finance/quote/TORD11:BVMF, fii,3
TSNC11, https://www.google.com/finance/quote/TSNC11:BVMF, fii,3
TCPF11, https://www.google.com/finance/quote/TCPF11:BVMF, fii,3
TRXY11, https://www.google.com/finance/quote/TRXY11:BVMF, fii,3
TRXF11, https://www.google.com/finance/quote/TRXF11:BVMF, fii,3
TRXB11, https://www.google.com/finance/quote/TRXB11:BVMF, fii,3
URHF11, https://www.google.com/finance/quote/URHF11:BVMF, fii,3
URPR11, https://www.google.com/finance/quote/URPR11:BVMF, fii,3
VVCO11, https://www.google.com/finance/quote/VVCO11:BVMF, fii,3
VVMR11, https://www.google.com/finance/quote/VVMR11:BVMF, fii,3
VVCR11, https://www.google.com/finance/quote/VVCR11:BVMF, fii,3
VVRI11, https://www.google.com/finance/quote/VVRI11:BVMF, fii,3
VGIR11, https://www.google.com/finance/quote/VGIR11:BVMF, fii,3
VGIP11, https://www.google.com/finance/quote/VGIP11:BVMF, fii,3
VGII11, https://www.google.com/finance/quote/VGII11:BVMF, fii,3
VGHF11, https://www.google.com/finance/quote/VGHF11:BVMF, fii,3
VGRI11, https://www.google.com/finance/quote/VGRI11:BVMF, fii,3
QAGR11, https://www.google.com/finance/quote/QAGR11:BVMF, fii,3
BLMO11, https://www.google.com/finance/quote/BLMO11:BVMF, fii,3
RVBI11, https://www.google.com/finance/quote/RVBI11:BVMF, fii,3
VCJR11, https://www.google.com/finance/quote/VCJR11:BVMF, fii,3
VCRR11, https://www.google.com/finance/quote/VCRR11:BVMF, fii,3
VCSC11, https://www.google.com/finance/quote/VCRR11:BVMF, fii,3
SALI11, https://www.google.com/finance/quote/SADI11:BVMF, fii,3
VCTH11, https://www.google.com/finance/quote/SADI11:BVMF, fii,3
VSLH11, https://www.google.com/finance/quote/VSLH11:BVMF, fii,3
VIDS11, https://www.google.com/finance/quote/VIDS11:BVMF, fii,3
VDSV11, https://www.google.com/finance/quote/VIDS11:BVMF, fii,3
VCRI11, https://www.google.com/finance/quote/VCRI11:BVMF, fii,3
VIUR11, https://www.google.com/finance/quote/VIUR11:BVMF, fii,3
VIFI11, https://www.google.com/finance/quote/VIFI11:BVMF, fii,3
VILG11, https://www.google.com/finance/quote/VILG11:BVMF, fii,3
VINO11, https://www.google.com/finance/quote/VINO11:BVMF, fii,3
VIOL11, https://www.google.com/finance/quote/VINO11:BVMF, fii,3
VISC11, https://www.google.com/finance/quote/VISC11:BVMF, fii,3
WSEC11, https://www.google.com/finance/quote/WSEC11:BVMF, fii,3
SPDE11, https://www.google.com/finance/quote/SPDE11:BVMF, fii,3
WHGR11, https://www.google.com/finance/quote/WHGR11:BVMF, fii,3
XPCM11, https://www.google.com/finance/quote/XPCM11:BVMF, fii,3
XPCI11, https://www.google.com/finance/quote/XPCI11:BVMF, fii,3
XPIN11, https://www.google.com/finance/quote/XPIN11:BVMF, fii,3
XPLG11, https://www.google.com/finance/quote/XPLG11:BVMF, fii,3
XPML11, https://www.google.com/finance/quote/XPML11:BVMF, fii,3
XPPR11, https://www.google.com/finance/quote/XPPR11:BVMF, fii,3
XPSF11, https://www.google.com/finance/quote/XPSF11:BVMF, fii,3
XPCE11, https://www.google.com/finance/quote/XPCI11:BVMF, fii,3
YUFI11, https://www.google.com/finance/quote/YUFI11:BVMF, fii,3
ZAGH11, https://www.google.com/finance/quote/ZAGH11:BVMF, fii,3
ZAVC11, https://www.google.com/finance/quote/ZAVC11:BVMF, fii,3
ZAVI11, https://www.google.com/finance/quote/ZAVI11:BVMF, fii,3
ZIFI11, https://www.google.com/finance/quote/ZIFI11:BVMF, fii,3
